#,Domain,Requirement Category,Requirement Description,User Story,Acceptance Criteria
1,Customer Support and Agent Tools,Smart Home Expertise,"Agents must be knowledgeable about smart home devices, platforms, and their integration with IoT ecosystems.",I want agents to be trained on smart home devices and IoT ecosystems so that they can assist customers effectively.,1. Comprehensive training on smart home devices. 2. Knowledge of IoT platform integration. 3. Familiarity with Google Assistant and other platforms.
2,Customer Support and Agent Tools,Technical Support Skills,Agents must have expertise in troubleshooting common smart home device issues.,"I want agents to be able to troubleshoot common issues with smart home devices, so that customers can resolve problems quickly.","1. Troubleshooting guides for connectivity, device errors, and setup. 2. Hands-on training in device repair procedures. 3. Practical exercises with smart home setups."
3,Customer Support and Agent Tools,Communication Skills,"Agents should be able to communicate complex technical issues in a simple, clear manner.",I want agents to communicate smart home issues in a clear and concise way so that customers can understand troubleshooting steps.,1. Use of simple language and analogies. 2. Active listening and feedback during calls. 3. Customer satisfaction surveys focused on clarity.
4,Customer Support and Agent Tools,Problem-Solving Skills,"Agents should be able to solve a wide range of smart home issues, even those that are not common.",I want agents to have problem-solving skills for both common and rare smart home issues.,1. Access to diagnostic tools and issue resolution workflows. 2. Decision trees for complex troubleshooting scenarios. 3. Regularly updated troubleshooting resources.
5,Customer Support and Agent Tools,Product Knowledge,"Agents must understand all Google Smart Home products, including setup, configuration, and maintenance.",I want agents to know the ins and outs of Google Smart Home products so that they can guide customers effectively.,1. Detailed knowledge of product features. 2. Hands-on training with Google Smart Home products. 3. Quick reference materials for agents.
6,Customer Support and Agent Tools,Smart Home Expertise,Agents must be familiar with the latest smart home innovations and trends.,"I want agents to stay updated with new smart home technologies, ensuring they provide the most current information.",1. Monthly training sessions on new smart home products. 2. Access to industry trend reports. 3. Integration of new product features into existing knowledge base.
7,Customer Support and Agent Tools,Technical Support Skills,"Agents should be able to assist customers with common setup issues, such as pairing devices and linking platforms.",I want agents to be able to guide customers through device setup so that they can easily configure their smart home system.,1. Step-by-step setup guides for popular devices. 2. Troubleshooting tips for common setup problems. 3. Tools for remote assistance during device configuration.
8,Customer Support and Agent Tools,Emotional Intelligence,Agents should demonstrate empathy and patience while assisting customers.,"I want agents to handle frustrated customers with empathy, so that they can turn negative experiences into positive ones.",1. Active listening during calls. 2. Use of empathetic language. 3. Monitoring of customer mood via sentiment analysis.
9,Customer Support and Agent Tools,Knowledge Management,Agents must have access to a constantly updated knowledge base of device information and troubleshooting procedures.,I want agents to always have the most current information about devices and troubleshooting steps so they can provide accurate assistance.,1. Access to an updated internal knowledge base. 2. Regular review and updating of knowledge base materials. 3. Integration with real-time support tools.
10,Customer Support and Agent Tools,Cross-Platform Knowledge,"Agents should have expertise in handling issues with devices across multiple smart home platforms (Google, Amazon, Apple, etc.).",I want agents to be knowledgeable about cross-platform compatibility so they can resolve issues across all major smart home ecosystems.,1. Cross-platform compatibility guides. 2. Training on third-party smart home systems. 3. Ability to recommend integrations across platforms.
11,Customer Support and Agent Tools,Smart Home Expertise,Agents should be able to guide customers in optimizing smart home devices for energy efficiency and security.,I want agents to help customers optimize their smart home devices for better performance and safety.,1. Tips for optimizing device settings. 2. Guides for energy-saving features and security settings. 3. Tools for evaluating device performance.
12,Customer Support and Agent Tools,Technical Support Skills,"Agents must be trained to resolve issues with network settings, including Wi-Fi and Bluetooth connectivity.","I want agents to be able to troubleshoot network-related issues, such as Wi-Fi and Bluetooth problems, so that customers can use their devices properly.",1. Network troubleshooting tools. 2. Guides for diagnosing Wi-Fi/Bluetooth issues. 3. Remote support capabilities for network configuration.
13,Customer Support and Agent Tools,Communication Skills,Agents must be able to explain the benefits and uses of Google Smart Home products to customers.,"I want agents to educate customers on the advantages of using Google Smart Home devices, so that they understand their full potential.",1. Product benefit comparison charts. 2. Scripts for explaining product features and benefits. 3. Customer satisfaction feedback regarding product education.
14,Customer Support and Agent Tools,Product Knowledge,Agents should have knowledge of Google Assistant and how to integrate it with smart home devices.,"I want agents to guide customers through Google Assistant setups and integrations, ensuring smooth operation with their devices.",1. Google Assistant setup and integration guides. 2. Troubleshooting resources for Assistant issues. 3. Training on advanced Assistant features.
15,Customer Support and Agent Tools,Technical Support Skills,Agents must be able to assist with issues related to device firmware and software updates.,I want agents to help customers manage firmware and software updates so that their devices stay current.,1. Update and rollback procedures. 2. Troubleshooting for failed updates. 3. Alerts for available updates.
16,Customer Support and Agent Tools,Smart Home Expertise,Agents should understand smart home security risks and how to mitigate them.,"I want agents to help customers secure their smart home devices, ensuring they are protected from cyber threats.",1. Security risk guides. 2. Best practices for device security. 3. Regularly updated security protocols.
17,Customer Support and Agent Tools,Emotional Intelligence,Agents should remain calm and professional even in difficult situations with upset customers.,"I want agents to maintain professionalism under pressure, so that customer interactions are handled with care.",1. Emotional regulation training. 2. Stress management techniques. 3. Customer satisfaction surveys for difficult cases.
18,Customer Support and Agent Tools,Communication Skills,Agents must be able to handle customer concerns and complaints efficiently.,"I want agents to resolve customer complaints quickly, ensuring a positive customer experience.",1. Customer feedback forms. 2. Step-by-step complaint resolution process. 3. Escalation procedures for complex cases.
19,Customer Support and Agent Tools,Knowledge Management,Agents must have access to troubleshooting tools that enable them to quickly identify problems and solutions.,I want agents to use tools that help them diagnose and solve customer issues efficiently.,1. Access to diagnostic tools. 2. Integration with troubleshooting guides. 3. Real-time issue tracking and resolution system.
20,Customer Support and Agent Tools,Cross-Platform Knowledge,Agents should be trained to assist with third-party smart home device issues.,"I want agents to provide support for non-Google smart home devices, ensuring comprehensive customer assistance.",1. Training on popular third-party devices. 2. Cross-platform support guides. 3. Troubleshooting tools for third-party devices.
21,Customer Support and Agent Tools,Technical Support Skills,Agents should be able to troubleshoot voice recognition issues for Google Assistant.,I want agents to help resolve voice recognition problems with Google Assistant so that customers can use it effectively.,1. Voice recognition troubleshooting steps. 2. Guides for correcting miscommunication issues. 3. Practice with real voice interaction scenarios.
22,Customer Support and Agent Tools,Smart Home Expertise,Agents should be able to assist customers with home automation and setting up automation routines.,"I want agents to help customers create automation routines, improving the functionality of their smart home.",1. Guides for creating automation routines. 2. Troubleshooting tools for automation setups. 3. Customer feedback on the automation experience.
23,Customer Support and Agent Tools,Communication Skills,Agents should use positive language and reinforce customer confidence throughout interactions.,I want agents to boost customer confidence in their smart home setups by using positive language.,1. Positive phrasing guidelines. 2. Customer feedback on agent interaction quality. 3. Language training for positive communication.
24,Customer Support and Agent Tools,Emotional Intelligence,"Agents should handle difficult customers calmly, ensuring their concerns are addressed professionally.","I want agents to maintain calm in all interactions, especially when managing upset customers.",1. Handling angry customers guide. 2. Stress management resources. 3. Positive resolution outcome metrics.
25,Customer Support and Agent Tools,Smart Home Expertise,Agents should have troubleshooting tools for device firmware updates and version compatibility.,"I want agents to ensure devices are updated to the latest firmware, minimizing compatibility issues.",1. Firmware version tracking system. 2. Update troubleshooting guides. 3. Compatibility check tools.
26,Customer Support and Agent Tools,Smart Home Expertise,Agents should be trained to assist with the setup of Google Nest and other smart home hubs.,I want agents to be able to assist customers in setting up and configuring smart home hubs like Google Nest.,1. Setup guides for Google Nest and other hubs. 2. Training on troubleshooting hub-related issues. 3. Knowledge of device compatibility with hubs.
27,Customer Support and Agent Tools,Technical Support Skills,Agents must be able to help customers with issues related to smart home device automation.,I want agents to help customers set up and troubleshoot home automation devices.,1. Home automation troubleshooting guides. 2. Hands-on training with smart home automation products. 3. Understanding of popular automation platforms.
28,Customer Support and Agent Tools,Knowledge Management,Agents should have access to a dynamic FAQ and troubleshooting database.,I want agents to access a frequently updated FAQ and troubleshooting database to resolve customer issues quickly.,1. Searchable FAQ and troubleshooting database. 2. Real-time updates to knowledge base. 3. Integration with agent tools for easy access.
29,Customer Support and Agent Tools,Smart Home Expertise,Agents should be proficient in helping customers with multi-device setups.,I want agents to assist customers with setting up multiple devices for a seamless smart home experience.,1. Multi-device setup guides. 2. Troubleshooting resources for multi-device setups. 3. Training on best practices for device grouping and scene creation.
30,Customer Support and Agent Tools,Cross-Platform Knowledge,Agents should be able to assist with cross-platform device management and integration.,"I want agents to help customers integrate and manage devices from multiple ecosystems (Google, Amazon, etc.).",1. Guides on cross-platform device integration. 2. Troubleshooting for cross-platform issues. 3. Knowledge of third-party ecosystems like Amazon and Apple.
31,Customer Support and Agent Tools,Technical Support Skills,Agents should be able to support customers with troubleshooting issues regarding device groupings and scenes.,I want agents to be able to assist customers in organizing and troubleshooting device groupings and scenes.,1. Guides for creating and managing device groups. 2. Troubleshooting tips for device grouping issues. 3. Integration with home automation systems for efficient scene management.
32,Customer Support and Agent Tools,Emotional Intelligence,Agents should display empathy while handling complaints or frustration related to device malfunctions.,"I want agents to empathize with customers experiencing issues, ensuring a positive resolution experience.",1. Active listening skills. 2. Empathy training modules. 3. Positive customer feedback metrics.
33,Customer Support and Agent Tools,Communication Skills,Agents should be able to guide customers step-by-step through troubleshooting processes.,I want agents to clearly explain troubleshooting steps in a way that customers can follow easily.,1. Step-by-step troubleshooting guides. 2. Ability to simplify technical jargon. 3. Training on clear communication techniques.
34,Customer Support and Agent Tools,Knowledge Management,Agents must be able to identify gaps in knowledge and escalate issues when necessary.,"I want agents to escalate issues promptly when they are unable to resolve them, ensuring timely resolutions for customers.",1. Clear escalation protocols. 2. Knowledge tracking system for common unresolved issues. 3. Timely resolution follow-ups.
35,Customer Support and Agent Tools,Smart Home Expertise,Agents should have access to an expert network for difficult or complex issues.,"I want agents to consult an expert network for guidance on difficult customer issues, ensuring accuracy in support.",1. Expert network access system. 2. Escalation procedures for complex issues. 3. Tracking of expert involvement for continuous improvement.
36,Customer Support and Agent Tools,Smart Home Expertise,"Agents should be familiar with Google Assistant's advanced features, like routines and third-party integrations.",I want agents to know advanced features of Google Assistant to assist customers with complex queries.,1. Guides on Google Assistant's advanced features. 2. Training on third-party integrations. 3. Ability to troubleshoot advanced Assistant issues.
37,Customer Support and Agent Tools,Technical Support Skills,"Agents must be able to troubleshoot issues related to device pairing with other ecosystems (Amazon, Apple, etc.).","I want agents to help customers pair their Google devices with third-party ecosystems, ensuring seamless connectivity.",1. Troubleshooting guides for cross-ecosystem pairing. 2. Hands-on training with Amazon and Apple devices. 3. Step-by-step pairing guides for popular devices.
38,Customer Support and Agent Tools,Communication Skills,Agents should be able to simplify explanations of technical problems to customers.,I want agents to communicate technical issues in a way that is understandable for non-technical customers.,1. Training on simplifying technical language. 2. Use of analogies to explain complex concepts. 3. Customer feedback on communication clarity.
39,Customer Support and Agent Tools,Emotional Intelligence,Agents should remain patient and understanding during long troubleshooting sessions.,"I want agents to stay patient throughout long calls, ensuring customers feel supported until issues are resolved.",1. Stress management training. 2. Monitoring of call duration and customer satisfaction. 3. Techniques for maintaining engagement during lengthy calls.
40,Customer Support and Agent Tools,Knowledge Management,Agents should be able to access real-time device diagnostics to assist with troubleshooting.,"I want agents to have access to live device data (e.g., battery levels, connection status) to help troubleshoot effectively.",1. Real-time device diagnostic tools. 2. Integration with customer support platform for device data. 3. Speed and accuracy in diagnosing issues.
41,Customer Support and Agent Tools,Smart Home Expertise,"Agents should be familiar with device connectivity protocols (Wi-Fi, Bluetooth, Zigbee, etc.).",I want agents to understand device connectivity protocols so they can diagnose connectivity problems accurately.,1. Training on connectivity protocols. 2. Guides for troubleshooting common connectivity issues. 3. Access to diagnostic tools for connectivity issues.
42,Customer Support and Agent Tools,Cross-Platform Knowledge,Agents should be able to guide customers through integrating devices from different manufacturers.,"I want agents to help customers integrate devices from various manufacturers, ensuring a unified smart home setup.",1. Integration guides for third-party devices. 2. Troubleshooting steps for inter-manufacturer device compatibility. 3. Knowledge of device hubs and controllers for multi-manufacturer setups.
43,Customer Support and Agent Tools,Technical Support Skills,Agents should be able to handle issues regarding voice commands and recognition errors.,I want agents to assist customers in resolving issues related to voice commands and misrecognitions.,1. Voice recognition troubleshooting guides. 2. Training on voice command error correction. 3. Monitoring and resolving customer issues with voice assistants.
44,Customer Support and Agent Tools,Smart Home Expertise,Agents should know how to troubleshoot issues with cloud-based services for smart home devices.,"I want agents to be able to resolve issues related to cloud connectivity, ensuring that devices are synced properly.",1. Cloud troubleshooting guides for smart home devices. 2. Understanding of cloud-based service architecture. 3. Integration with cloud diagnostic tools.
45,Customer Support and Agent Tools,Emotional Intelligence,Agents should use calming techniques to help reduce customer frustration during support interactions.,I want agents to help customers feel calm and confident during troubleshooting processes.,1. Calming techniques training. 2. Real-time monitoring of customer frustration levels. 3. Feedback mechanisms for evaluating agent patience.
46,Customer Support and Agent Tools,Smart Home Expertise,Agents should be trained to handle escalations involving complex home automation setups.,I want agents to be able to resolve complex home automation setup issues by escalating them effectively.,1. Escalation process for complex automation issues. 2. Training on troubleshooting automation complexities. 3. Expert-level support for multi-device automations.
47,Customer Support and Agent Tools,Knowledge Management,Agents should have a clear understanding of common smart home device limitations and boundaries.,"I want agents to inform customers about device limitations, so that customers have realistic expectations.",1. List of common device limitations. 2. Troubleshooting steps related to device limitations. 3. Realistic customer expectation management training.
48,Customer Support and Agent Tools,Smart Home Expertise,Agents should be proficient in handling firmware and software-related issues for connected devices.,"I want agents to troubleshoot and resolve firmware and software issues, ensuring that devices function correctly.",1. Firmware troubleshooting guides. 2. Software issue resolution training. 3. Rollback procedures for failed updates.
49,Customer Support and Agent Tools,Smart Home Expertise,"Agents must have an understanding of device power requirements (battery life, charging, etc.).",I want agents to assist customers with power-related issues and ensure devices are properly powered.,1. Guides on battery and charging issues. 2. Knowledge of device power consumption. 3. Troubleshooting for power-related issues.
50,Customer Support and Agent Tools,Emotional Intelligence,Agents should be able to manage multiple customer inquiries simultaneously without losing quality.,I want agents to efficiently handle multiple customer cases at once while providing high-quality support.,1. Multi-tasking training. 2. Monitoring of response time for each inquiry. 3. High-quality response metrics.
51,Customer Support and Agent Tools,Knowledge Management,Agents should have access to customer profiles to review previous interactions and ongoing issues.,"I want agents to review past interactions to provide better, personalized customer support.",1. Access to customer history. 2. Real-time updates on previous issues. 3. Ability to track resolution progress from past tickets.
52,Customer Support and Agent Tools,Technical Support Skills,Agents should have the ability to support customers with device grouping and scene creation.,I want agents to guide customers through creating and managing device groups and automation scenes.,1. Scene and group creation guides. 2. Troubleshooting steps for device group issues. 3. Knowledge of smart home ecosystems for scene creation.
53,Customer Support and Agent Tools,Communication Skills,Agents should be able to manage customer expectations while addressing delayed resolutions.,"I want agents to manage customer expectations when issues take longer to resolve, maintaining trust and satisfaction.",1. Delayed resolution communication protocols. 2. Training on managing customer frustration. 3. Feedback mechanism for expectation management.
54,Customer Support and Agent Tools,Smart Home Expertise,Agents must understand the nuances of voice assistant integrations with smart home devices.,"I want agents to help customers integrate voice assistants with smart home devices, making the system fully functional.",1. Guides for voice assistant integration. 2. Troubleshooting for voice assistant issues. 3. Integration with third-party voice assistants like Amazon Alexa or Apple Siri.
55,Customer Support and Agent Tools,Technical Support Skills,Agents must be able to walk customers through the installation of smart home apps and related software.,I want agents to guide customers through the installation of apps required for their smart home devices.,1. Step-by-step app installation guides. 2. Troubleshooting common app installation issues. 3. Knowledge of compatibility requirements for apps.
56,Customer Support and Agent Tools,Cross-Platform Knowledge,Agents should have access to real-time status updates of devices across different ecosystems.,"I want agents to provide real-time updates on devices’ statuses, even when they are part of different ecosystems.",1. Multi-ecosystem device status tracker. 2. Integration of cross-platform data into the support system. 3. Fast and accurate updates on device performance.
57,Customer Support and Agent Tools,Smart Home Expertise,Agents should be able to assist with the installation and setup of smart home security systems.,"I want agents to help customers install and configure smart home security systems, ensuring they are set up correctly.",1. Security system setup guides. 2. Troubleshooting steps for security-related issues. 3. Knowledge of various security system models and integrations.
58,Customer Support and Agent Tools,Knowledge Management,Agents should have access to system logs and diagnostics tools to aid in troubleshooting.,I want agents to have access to system logs to identify and resolve issues more effectively.,1. Access to diagnostic and log tools. 2. Training on interpreting system logs. 3. Integration of log data into troubleshooting processes.
59,Customer Support and Agent Tools,Technical Support Skills,Agents should be able to manage issues with the smart home ecosystem's connectivity during setup or after updates.,I want agents to assist customers with connectivity issues during setup or after firmware/software updates.,1. Troubleshooting steps for connectivity issues. 2. Integration of setup and update process with troubleshooting steps. 3. Knowledge of network configurations for optimal connectivity.
60,Customer Support and Agent Tools,Communication Skills,Agents should be able to explain complex device setups or troubleshooting steps clearly and concisely.,I want agents to explain technical processes in a way that customers can understand and follow easily.,1. Clear and concise troubleshooting documentation. 2. Effective communication training. 3. Customer feedback on clarity and understanding of instructions.
61,Customer Support and Agent Tools,Smart Home Expertise,Agents should be able to guide customers on setting up smart home routines based on their preferences.,I want agents to help customers set up personalized smart home routines for enhanced automation.,1. Guides for routine setup and configuration. 2. Customizable routine options based on user preferences. 3. Troubleshooting for routine errors.
62,Customer Support and Agent Tools,Emotional Intelligence,Agents should remain calm and professional during high-stress customer interactions.,I want agents to stay composed when dealing with frustrated or upset customers.,1. Training on maintaining professionalism under pressure. 2. Handling high-stress scenarios without escalating customer frustration. 3. Positive customer satisfaction feedback under stress.
63,Customer Support and Agent Tools,Knowledge Management,Agents should be able to handle multiple cases at once while maintaining quality of service.,I want agents to be able to juggle multiple cases without sacrificing the quality of their support.,1. Ability to track and manage multiple open cases. 2. Prioritization protocols for urgent issues. 3. Feedback on case handling efficiency.
64,Customer Support and Agent Tools,Smart Home Expertise,Agents must be able to walk customers through the installation of Google Home devices.,I want agents to help customers install and configure Google Home devices for a seamless smart home experience.,1. Step-by-step installation guides for Google Home devices. 2. Troubleshooting for installation issues. 3. Knowledge of Google Home device features and integrations.
65,Customer Support and Agent Tools,Cross-Platform Knowledge,"Agents should be proficient in supporting devices integrated with Google Home, Amazon Alexa, and Apple HomeKit.","I want agents to support customers using a mix of Google Home, Amazon Alexa, and Apple HomeKit devices.",1. Integration knowledge for cross-platform devices. 2. Troubleshooting for mixed-ecosystem setups. 3. Guides on multi-ecosystem device compatibility.
66,Customer Support and Agent Tools,Emotional Intelligence,Agents should know how to handle customers who are dissatisfied with a solution.,I want agents to de-escalate situations and offer alternatives when customers are dissatisfied with a solution.,1. De-escalation and alternative resolution training. 2. Feedback from dissatisfied customers. 3. Success rate of alternative solutions offered.
67,Customer Support and Agent Tools,Smart Home Expertise,Agents should be able to manage the setup and troubleshooting of smart lighting systems.,I want agents to help customers set up and troubleshoot their smart lighting systems.,1. Smart lighting system setup guides. 2. Troubleshooting for lighting system issues. 3. Knowledge of compatible smart bulbs and controllers.
68,Customer Support and Agent Tools,Smart Home Expertise,Agents should be able to assist customers in creating automation rules for energy management.,I want agents to guide customers in setting up automation rules that help save energy.,1. Guides for energy-saving automation setup. 2. Compatibility knowledge of energy management devices. 3. Troubleshooting energy-related automation issues.
69,Customer Support and Agent Tools,Knowledge Management,Agents should have a thorough understanding of network configurations to support smart home systems.,I want agents to help customers set up and troubleshoot network configurations for their smart home devices.,1. Network configuration troubleshooting guides. 2. Knowledge of router settings and smart home device compatibility. 3. Training on common connectivity issues for smart homes.
70,Customer Support and Agent Tools,Smart Home Expertise,Agents should be able to guide customers through the installation and configuration of smart thermostats.,I want agents to assist customers in setting up smart thermostats for personalized climate control.,1. Smart thermostat installation guides. 2. Configuration and troubleshooting for temperature and device control. 3. Knowledge of integration with other smart home systems.
71,Customer Support and Agent Tools,Technical Support Skills,Agents should be able to support customers with troubleshooting issues related to voice-controlled smart devices.,I want agents to resolve issues where voice commands are not working for smart devices.,"1. Voice command troubleshooting guides. 2. Integration with voice assistants (Google Assistant, Amazon Alexa). 3. Monitoring of successful voice command recognition."
72,Customer Support and Agent Tools,Emotional Intelligence,Agents should be able to empathize with customers and demonstrate active listening skills.,I want agents to listen carefully and empathize with customer issues to enhance satisfaction.,1. Empathy and active listening training. 2. Customer satisfaction feedback. 3. Reduced escalation rates due to effective communication.
73,Customer Support and Agent Tools,Communication Skills,"Agents should use clear, simple language when explaining troubleshooting steps to customers.",I want agents to provide easy-to-understand instructions for troubleshooting smart home devices.,1. Simple language guidelines for technical support. 2. Customer feedback on clarity of communication. 3. Decrease in follow-up queries due to unclear instructions.
74,Customer Support and Agent Tools,Smart Home Expertise,Agents must be familiar with third-party smart home apps and how they integrate with Google Smart Home devices.,I want agents to assist customers with using third-party apps to control their smart home devices.,1. Guides for third-party app integration. 2. Troubleshooting app-to-device compatibility issues. 3. Knowledge of popular third-party apps and their features.
75,Customer Support and Agent Tools,Knowledge Management,Agents should have access to a central knowledge base that includes both common and advanced troubleshooting scenarios.,I want agents to quickly access a comprehensive knowledge base that includes various troubleshooting steps for all devices.,1. Centralized knowledge base for troubleshooting. 2. Regular updates to the knowledge base. 3. Searchable issue and solution documentation.
76,Customer Support and Agent Tools,Smart Home Expertise,Agents should have experience in troubleshooting issues with smart locks and home security devices.,"I want agents to help customers resolve issues related to smart locks, cameras, and home security systems.",1. Guides for smart lock and camera troubleshooting. 2. Knowledge of home security device integration. 3. Troubleshooting for communication and connectivity issues in security devices.
77,Customer Support and Agent Tools,Smart Home Expertise,Agents should understand the different types of smart home hubs and be able to troubleshoot common issues.,I want agents to assist customers with smart home hub setups and issues to ensure smooth system functionality.,1. Guides on hub configurations and troubleshooting. 2. Knowledge of compatibility between hubs and devices. 3. Troubleshooting hub-to-device communication problems.
78,Customer Support and Agent Tools,Technical Support Skills,Agents must be proficient in troubleshooting network issues affecting multiple smart home devices.,I want agents to identify and resolve network issues that affect multiple connected devices.,1. Network troubleshooting tools for smart homes. 2. Step-by-step guides for resolving network disruptions. 3. Integration of network diagnostics into troubleshooting workflows.
79,Customer Support and Agent Tools,Communication Skills,Agents should be able to adjust their communication style based on the customer's technical expertise.,I want agents to tailor their communication to suit the customer’s level of technical knowledge.,1. Communication style training based on customer knowledge. 2. Personalized response templates for different customer types. 3. Customer feedback on understanding and satisfaction.
80,Customer Support and Agent Tools,Emotional Intelligence,Agents should be trained in managing situations where customers are frustrated with product malfunctions or delays.,I want agents to de-escalate frustrated customers effectively and offer solutions to resolve their concerns.,1. De-escalation training for support agents. 2. Handling customer dissatisfaction protocols. 3. Follow-up satisfaction surveys for de-escalation success.
81,Customer Support and Agent Tools,Knowledge Management,Agents should be familiar with security best practices for smart home devices and be able to guide customers on how to secure their systems.,I want agents to educate customers on securing their smart home devices to prevent unauthorized access.,1. Security practices for smart home devices. 2. Guides on password management and encryption. 3. Troubleshooting for security issues and breaches.
82,Customer Support and Agent Tools,Technical Support Skills,Agents should be able to troubleshoot issues related to device integration and automation rules within the Google Smart Home ecosystem.,I want agents to troubleshoot issues with automations and integrations to ensure devices work as expected.,1. Troubleshooting guides for device integrations and automations. 2. Integration testing procedures. 3. Knowledge of common issues with integrations and automations.
83,Customer Support and Agent Tools,Smart Home Expertise,"Agents must have experience with troubleshooting and maintaining smart home entertainment devices, such as smart TVs and audio systems.",I want agents to help customers resolve issues with their smart TVs and audio devices to improve their entertainment experience.,1. Troubleshooting guides for smart TVs and audio systems. 2. Knowledge of connectivity issues with smart entertainment devices. 3. Integration with other smart home devices for entertainment.
84,Customer Support and Agent Tools,Knowledge Management,Agents should have access to a repository of FAQ content for self-service troubleshooting by customers.,"I want agents to direct customers to an FAQ repository for self-service options, reducing the number of support requests.",1. Comprehensive FAQ repository. 2. Searchable FAQ content for smart home troubleshooting. 3. Customer feedback on the usefulness of the FAQ content.
85,Customer Support and Agent Tools,Emotional Intelligence,Agents should demonstrate patience and understanding when handling time-sensitive issues or customer concerns.,I want agents to show patience and empathy when dealing with urgent customer issues.,1. Training on patience and empathy in urgent scenarios. 2. Feedback from customers on agent patience and understanding. 3. Reduced customer dissatisfaction during time-sensitive situations.
86,Customer Support and Agent Tools,Smart Home Expertise,Agents must be able to guide customers through the process of resetting smart devices to factory settings.,I want agents to assist customers in resetting their smart devices to factory settings when troubleshooting issues.,1. Factory reset guides for different smart devices. 2. Knowledge of device-specific reset procedures. 3. Assistance with data loss recovery after reset.
87,Customer Support and Agent Tools,Technical Support Skills,Agents should be able to guide customers in integrating voice assistants with other smart home devices.,"I want agents to help customers integrate voice assistants, such as Google Assistant, with their smart devices.",1. Guides for voice assistant integration. 2. Knowledge of compatible voice assistants. 3. Troubleshooting for integration issues.
88,Customer Support and Agent Tools,Smart Home Expertise,Agents must have knowledge of the latest smart home devices and technologies to support new product releases.,I want agents to stay up to date with the latest smart home devices and technologies for optimal customer support.,1. Continuous training on new smart home devices. 2. Knowledge of product release schedules. 3. Prompt integration of new product information into support materials.
89,Customer Support and Agent Tools,Knowledge Management,Agents should have access to a library of device manuals and setup instructions for reference during support.,I want agents to quickly reference device manuals and setup instructions during customer support calls.,1. Access to digital manuals and setup instructions. 2. Regular updates to the manual library. 3. Easy searchability of manual content.
90,Customer Support and Agent Tools,Communication Skills,"Agents should communicate any system maintenance or updates to customers proactively, including any impact on device functionality.",I want agents to inform customers about scheduled maintenance or updates that may affect their smart home devices.,1. Maintenance and update notification systems. 2. Clear communication protocols for informing customers. 3. Customer awareness of potential impacts on device functionality.
91,Customer Support and Agent Tools,Emotional Intelligence,"Agents must be able to remain calm and professional when addressing upset customers, even in stressful situations.","I want agents to remain calm and composed when dealing with difficult customer situations, ensuring customer satisfaction.",1. Training on emotional regulation and conflict resolution. 2. Customer feedback on agent professionalism. 3. Reduced escalation rates during difficult situations.
92,Customer Support and Agent Tools,Smart Home Expertise,"Agents should be able to assist with firmware and software upgrades for smart home devices, and ensure customers understand the process.","I want agents to guide customers through firmware and software upgrades for their devices, ensuring a smooth process.",1. Firmware and software upgrade guides. 2. Assistance with troubleshooting during upgrades. 3. Confirmation that upgrades were successfully completed.
93,Customer Support and Agent Tools,Technical Support Skills,Agents must be capable of troubleshooting issues related to smart home automation failures.,I want agents to resolve issues when smart home automation rules fail to trigger correctly.,1. Troubleshooting guides for automation failures. 2. Knowledge of common causes of automation issues. 3. Ability to suggest corrective actions and re-test automations.
94,Customer Support and Agent Tools,Smart Home Expertise,Agents should have the ability to assist customers with integrating third-party smart devices into the Google Smart Home ecosystem.,I want agents to help customers integrate third-party devices into their Google Smart Home setups.,1. Knowledge of third-party device integration procedures. 2. Troubleshooting for third-party device compatibility. 3. Guides for connecting non-Google devices to Google Smart Home.
95,Customer Support and Agent Tools,Knowledge Management,Agents must be able to track unresolved issues and escalate them to higher-tier support when necessary.,"I want agents to escalate unresolved issues to higher-tier support, ensuring customer issues are resolved efficiently.",1. Escalation procedures and guidelines. 2. Tracking of open cases for escalation. 3. Communication with higher-tier support to resolve issues.
96,Customer Support and Agent Tools,Smart Home Expertise,Agents should be knowledgeable about the latest security updates and protocols to ensure that customer data and devices are protected.,I want agents to educate customers on the latest security protocols to protect their devices and data.,1. Security protocol knowledge for smart home devices. 2. Guides for setting up security features. 3. Customer education on data protection.
97,Customer Support and Agent Tools,Technical Support Skills,Agents should be trained to handle cases where devices have been tampered with or improperly set up by customers.,I want agents to troubleshoot and resolve issues with devices that have been tampered with or poorly configured by customers.,1. Troubleshooting guides for tampered or improperly set up devices. 2. Knowledge of common user errors and fixes. 3. Training on identifying tampered devices.
98,Customer Support and Agent Tools,Communication Skills,Agents must be able to provide clear instructions to customers in different languages to serve a diverse customer base.,I want agents to offer support in multiple languages to better assist customers from diverse backgrounds.,1. Multilingual support tools and resources. 2. Training on customer communication in various languages. 3. Positive feedback from non-English-speaking customers.
99,Customer Support and Agent Tools,Emotional Intelligence,Agents should use positive language and reinforce the value of smart home products to maintain customer satisfaction.,"I want agents to use positive language to highlight the benefits of smart home products, even when resolving issues.",1. Training on positive language and customer engagement. 2. Customer feedback on overall satisfaction. 3. Reduced customer churn due to agent interactions.
100,Customer Support and Agent Tools,Smart Home Expertise,Agents should be capable of guiding customers through the setup of voice-controlled smart devices and optimizing their use.,I want agents to help customers set up and optimize voice-controlled devices for better interaction with their smart home systems.,1. Voice control device setup guides. 2. Troubleshooting voice control and recognition issues. 3. Knowledge of common voice command problems.
101,Customer Support and Agent Tools,Knowledge Management,"Agents should have a central repository for up-to-date information on device specifications, compatibility, and technical details.","I want agents to access a central repository that contains detailed information about devices, their specifications, and compatibility.",1. Up-to-date device information repository. 2. Easy searchability of device details. 3. Frequent updates to the repository with new device information.
102,Customer Support and Agent Tools,Smart Home Expertise,Agents must be familiar with how to handle issues related to smart home systems being controlled by multiple users.,I want agents to help customers resolve issues that occur when multiple users control the same smart home system.,1. Multi-user smart home system troubleshooting guides. 2. Guides for managing user permissions and access. 3. Knowledge of shared device control issues.
103,Customer Support and Agent Tools,Smart Home Expertise,Agents should have the ability to guide customers in adding or removing devices from their smart home setup.,I want agents to help customers add or remove devices from their smart home system to maintain optimal device management.,1. Clear steps for adding/removing devices from the system. 2. Troubleshooting issues during device removal/addition. 3. Integration with smart home app for seamless device management.
104,Customer Support and Agent Tools,Knowledge Management,"Agents should be able to access a tool to track product lifecycle events like warranty status, repair status, and return processes.",I want agents to easily track product lifecycle events for smart home devices to provide accurate customer support.,"1. Product lifecycle tracking system. 2. Integration with warranty, repair, and return management. 3. Easy access to product status information."
105,Customer Support and Agent Tools,Emotional Intelligence,Agents should be trained to use empathy and active listening techniques to address customer concerns and ensure satisfaction.,I want agents to use empathy and active listening during customer interactions to ensure customers feel heard and valued.,1. Empathy training modules. 2. Active listening exercises for agents. 3. Customer feedback measuring agent empathy.
106,Customer Support and Agent Tools,Technical Support Skills,"Agents should be able to walk customers through the process of connecting their smart devices to various networks, including Wi-Fi and Bluetooth.","I want agents to help customers connect their devices to networks, ensuring seamless functionality of their smart home setup.",1. Troubleshooting guides for network connectivity. 2. Clear instructions for connecting devices to Wi-Fi/Bluetooth. 3. Resolution of common connection issues.
107,Customer Support and Agent Tools,Smart Home Expertise,Agents should be familiar with third-party smart home apps and provide guidance on using them alongside Google Smart Home products.,I want agents to guide customers in using third-party apps in conjunction with Google Smart Home devices for enhanced user experience.,1. Knowledge of third-party smart home apps. 2. Troubleshooting guides for third-party app integration. 3. Clear instructions on configuring app integration.
108,Customer Support and Agent Tools,Knowledge Management,Agents should have access to detailed system logs and diagnostics to help resolve customer issues related to device malfunctions.,I want agents to utilize system logs and diagnostics to resolve technical issues quickly and efficiently for customers.,1. Access to detailed device logs and diagnostics. 2. Integration with troubleshooting platform. 3. Fast data retrieval for troubleshooting.
109,Customer Support and Agent Tools,Smart Home Expertise,"Agents should be able to assist with setting up automation routines (e.g., scheduling lights, adjusting thermostats) in customers' smart homes.",I want agents to help customers create and manage automation routines for their smart home devices.,1. Guides for creating automation routines. 2. Troubleshooting for automation issues. 3. Knowledge of common automation errors and solutions.
110,Customer Support and Agent Tools,Technical Support Skills,Agents should be able to assist with resolving issues related to smart home hub configurations and integrations.,I want agents to help customers configure and resolve issues with smart home hubs that manage multiple devices.,1. Troubleshooting guides for smart home hubs. 2. Integration knowledge for various smart home hubs. 3. Resolution of connectivity issues between hub and devices.
111,Customer Support and Agent Tools,Knowledge Management,Agents should have access to a knowledge base with step-by-step troubleshooting guides for advanced and uncommon smart home issues.,I want agents to reference advanced troubleshooting guides for resolving complex and uncommon smart home issues.,1. Access to comprehensive troubleshooting guides. 2. Regular updates for the knowledge base. 3. Easy-to-navigate format for quick access.
112,Customer Support and Agent Tools,Smart Home Expertise,Agents should be able to troubleshoot issues related to device firmware compatibility when devices are not functioning correctly.,I want agents to resolve compatibility issues between devices and firmware to ensure proper device functionality.,1. Firmware compatibility troubleshooting guides. 2. Knowledge of common firmware-related issues. 3. Assistance with firmware rollback if necessary.
113,Customer Support and Agent Tools,Technical Support Skills,Agents should be able to identify and resolve issues related to smart home devices’ responsiveness to user commands.,I want agents to troubleshoot and resolve issues when devices do not respond to user commands.,1. Troubleshooting guides for device responsiveness. 2. Knowledge of common causes of device unresponsiveness. 3. Resolution steps for voice and app-based control issues.
114,Customer Support and Agent Tools,Emotional Intelligence,Agents must be able to de-escalate frustrated customers by providing calm and reassuring communication.,I want agents to use calming language and reassurance techniques to manage frustrated customers.,1. De-escalation training. 2. Reassurance language techniques. 3. Reduced escalation cases and improved customer satisfaction.
115,Customer Support and Agent Tools,Smart Home Expertise,Agents should have the ability to troubleshoot issues related to connectivity between devices in a smart home network.,I want agents to resolve network connectivity issues between smart home devices quickly and efficiently.,1. Connectivity troubleshooting guides. 2. Knowledge of common network-related issues. 3. Steps to resolve connection problems between devices.
116,Customer Support and Agent Tools,Knowledge Management,Agents must have a system to track and update customers on the status of their open cases.,I want agents to track customer cases and provide updates on their resolution status.,1. Case tracking system. 2. Regular customer updates on open cases. 3. Follow-up procedures to ensure resolution.
117,Customer Support and Agent Tools,Smart Home Expertise,"Agents should be able to explain and assist with the setup of smart home ecosystems, including multiple device interactions.",I want agents to assist customers in setting up and managing a multi-device smart home ecosystem.,1. Setup guides for multi-device ecosystems. 2. Troubleshooting multi-device interactions. 3. Clear instructions for optimizing device performance in ecosystems.
118,Customer Support and Agent Tools,Technical Support Skills,Agents must be able to walk customers through the configuration of privacy and security settings in their smart home systems.,I want agents to help customers configure privacy and security settings to protect their personal data in smart home systems.,1. Security and privacy setting guides. 2. Troubleshooting for security configuration issues. 3. Customer education on privacy controls.
119,Customer Support and Agent Tools,Knowledge Management,Agents should have an escalation system to identify and escalate critical or unresolved issues to a higher level of support.,I want agents to escalate critical or unresolved issues to higher-level support for faster resolution.,1. Escalation protocols for unresolved or critical issues. 2. Fast response time from higher-tier support. 3. Effective communication between agents and higher-level support.
120,Customer Support and Agent Tools,Smart Home Expertise,"Agents should be capable of resolving issues related to device pairing, including failed attempts or timeouts.",I want agents to troubleshoot and resolve issues related to device pairing failures.,1. Device pairing troubleshooting guides. 2. Resolution for failed pairing attempts. 3. Step-by-step assistance for successful pairing.
121,Customer Support and Agent Tools,Technical Support Skills,Agents should be trained in the use of remote diagnostics tools to assist customers with real-time troubleshooting.,I want agents to use remote diagnostic tools to help resolve issues while interacting with customers.,1. Access to remote diagnostic tools. 2. Training on using remote diagnostics effectively. 3. Quick resolution of customer issues using remote tools.
122,Customer Support and Agent Tools,Smart Home Expertise,Agents should have a clear understanding of the differences between various smart home platforms and their compatibility with Google Smart Home.,"I want agents to understand different smart home platforms and their compatibility with Google Smart Home, so they can provide better support.",1. Knowledge of smart home platform differences. 2. Compatibility guides for various platforms. 3. Training on the integration of Google Smart Home with other platforms.
123,Customer Support and Agent Tools,Knowledge Management,Agents must have access to troubleshooting checklists for specific devices and common issues.,I want agents to have quick access to detailed troubleshooting checklists for different devices and common smart home issues.,1. Device-specific troubleshooting checklists. 2. Quick access to checklists during support calls. 3. Regular updates to troubleshooting checklists.
124,Customer Support and Agent Tools,Emotional Intelligence,"Agents should be trained to maintain a positive and friendly tone with customers, regardless of the issue's complexity.","I want agents to remain friendly and positive throughout customer interactions, even with complex issues.",1. Training on maintaining a positive tone. 2. Feedback from customers on agent demeanor. 3. Reduced customer frustration during complex interactions.
125,Customer Support and Agent Tools,Smart Home Expertise,"Agents should have the ability to assist with smart home integration for new homes or renovations, ensuring devices are compatible and properly set up.",I want agents to guide customers through setting up smart home devices in new homes or renovated spaces.,1. Guides for smart home integration during home setup. 2. Device compatibility checks for new setups. 3. Assistance with placement and configuration of devices.
126,Customer Support and Agent Tools,Smart Home Expertise,Agents should be able to assist with troubleshooting device functionality issues that arise after updates or upgrades.,I want agents to help customers resolve device issues that occur after updates or upgrades.,1. Troubleshooting guides for post-update device issues. 2. Knowledge of common upgrade-related issues. 3. Assistance with rollback procedures if necessary.
127,Customer Support and Agent Tools,Knowledge Management,Agents should have the ability to access real-time product performance analytics for customer devices.,I want agents to access product performance analytics to help resolve issues and improve troubleshooting accuracy.,"1. Access to real-time device analytics. 2. Integration with support systems for faster problem-solving. 3. Performance data includes battery life, connectivity, and software updates."
128,Customer Support and Agent Tools,Smart Home Expertise,Agents should be trained on how to identify and resolve issues related to voice command recognition and accuracy.,I want agents to help customers resolve voice command issues to improve the accuracy and reliability of their voice assistants.,1. Troubleshooting voice recognition issues. 2. Knowledge of common causes of misrecognized commands. 3. Guides for improving voice command accuracy.
129,Customer Support and Agent Tools,Smart Home Expertise,Agents should be able to assist customers with troubleshooting and managing device clusters or groups in a smart home setup.,I want agents to help customers manage and troubleshoot device clusters for a streamlined smart home experience.,1. Troubleshooting guides for managing device groups. 2. Step-by-step instructions for setting up and adjusting device clusters. 3. Tips for optimizing multi-device management.
130,Customer Support and Agent Tools,Technical Support Skills,Agents should be able to help customers reset their smart home devices to factory settings when needed.,I want agents to help customers reset devices to factory settings as part of troubleshooting when other solutions fail.,1. Step-by-step instructions for factory resets. 2. Troubleshooting for unsuccessful resets. 3. Knowledge of when a reset is needed versus other solutions.
131,Customer Support and Agent Tools,Smart Home Expertise,Agents should be equipped to support customers in setting up and managing routines for energy savings and efficiency.,I want agents to assist customers in creating routines for energy efficiency in their smart home systems.,1. Guides for setting up energy-saving routines. 2. Recommendations for energy-efficient devices and routines. 3. Monitoring of energy use and suggestions for improvement.
132,Customer Support and Agent Tools,Knowledge Management,"Agents should have access to a database of common device issues, fixes, and tips to speed up the troubleshooting process.",I want agents to quickly resolve customer issues using a comprehensive database of common device issues and solutions.,1. Database of common device issues and solutions. 2. Easy-to-navigate format for quick access. 3. Regular updates for the database with new device issues and fixes.
133,Customer Support and Agent Tools,Smart Home Expertise,"Agents should be able to help customers configure multi-step automations, like turning on lights, adjusting temperature, and playing music.",I want agents to assist customers in creating multi-step automations that streamline their smart home experience.,1. Guides for creating complex automations. 2. Troubleshooting for automation-related issues. 3. Best practices for optimizing multi-step automation routines.
134,Customer Support and Agent Tools,Smart Home Expertise,Agents should be able to assist customers with troubleshooting and resolving issues with their smart home network configurations.,"I want agents to help customers troubleshoot and resolve issues related to the smart home network setup, ensuring smooth device performance.",1. Troubleshooting guides for network-related issues. 2. Knowledge of common configuration problems. 3. Tools for diagnosing network problems.
135,Customer Support and Agent Tools,Knowledge Management,Agents should have continuous access to product update and firmware change notifications to ensure they are always up to date on supported products.,I want agents to receive real-time notifications about product updates and firmware changes to support customers with the latest information.,1. Access to real-time notifications for updates and firmware changes. 2. Automatic system updates. 3. Continuous training on new product features and firmware changes.
136,Customer Support and Agent Tools,Smart Home Expertise,Agents must have in-depth knowledge of Google Smart Home products and their integration with IoT devices.,"I want agents to have a deep understanding of Google Smart Home products and IoT device integrations, so that they can provide expert support to customers.",1. Comprehensive knowledge of Google Smart Home products. 2. Detailed training on IoT device integrations. 3. Regular updates to knowledge base.
137,Customer Support and Agent Tools,Smart Home Expertise,"Agents should be trained to troubleshoot connectivity issues, voice recognition problems, and device pairing issues common in smart home setups.","I want agents to be able to troubleshoot connectivity, voice recognition, and device pairing issues, so that they can resolve smart home problems quickly and effectively.","1. Troubleshooting guides for connectivity, voice recognition, and device pairing. 2. Practice scenarios for common issues. 3. Quick reference troubleshooting tool."
138,Customer Support and Agent Tools,Smart Home Expertise,"Agents should have access to a dedicated smart home troubleshooting dashboard that provides insights and diagnostics of device status, connectivity, and performance.","I want agents to have a smart home troubleshooting dashboard, so that they can quickly identify and resolve device or system issues.",1. Troubleshooting dashboard for device status and performance. 2. Real-time diagnostics of smart home devices. 3. Integration with IoT system for quick updates.
139,Customer Support and Agent Tools,Smart Home Expertise,"Agents must have the ability to recommend compatible devices, apps, and integrations for customers' specific smart home setups.","I want agents to be able to recommend compatible devices, apps, and integrations, so that customers can create a seamless smart home experience.",1. Database of compatible devices and apps. 2. Recommendation system based on customer setup. 3. Training on popular device integrations and app pairings.
140,Customer Support and Agent Tools,Smart Home Expertise,Agents should have the ability to guide customers through troubleshooting steps via remote session or guided steps in the mobile app for specific smart home issues.,"I want agents to assist customers remotely through guided troubleshooting steps, so that customers can resolve issues without needing in-person support.","1. Remote assistance tools (e.g., video call, remote control). 2. Step-by-step troubleshooting in the mobile app. 3. Monitoring for customer follow-up satisfaction."
141,Customer Support and Agent Tools,Smart Home Expertise,"Agents must be able to manage and support issues related to voice assistants like Google Assistant, including commands, configuration, and errors.","I want agents to be able to assist customers with Google Assistant issues, so that customers can effectively use their voice assistants.",1. Troubleshooting guides for Google Assistant commands. 2. Voice setup and error resolution support. 3. Step-by-step configuration guide.
142,Customer Support and Agent Tools,Smart Home Expertise,Agents should have a proactive system to track recurring customer issues with smart home devices and suggest preventive solutions.,"I want agents to track recurring issues and suggest preventive solutions, so that customers experience fewer device malfunctions.",1. Proactive issue tracking system. 2. Preventive solution suggestions for common recurring issues. 3. Historical data for recurring problems.
143,Customer Support and Agent Tools,Smart Home Expertise,"Provide agents with an AI-powered tool that can recommend solutions based on previous customer interactions, device compatibility, and known issues.","I want agents to have AI-powered recommendations for troubleshooting, so that they can provide faster and more accurate solutions to customers.",1. AI-powered recommendation engine for common solutions. 2. Database of previous interactions and issues. 3. Integration with customer support platform.
144,Customer Support and Agent Tools,Smart Home Expertise,"Agents should have real-time access to device performance data, including battery life, software updates, and connectivity status, to guide troubleshooting efforts.","I want agents to have access to real-time device performance data, so that they can provide precise troubleshooting and maintenance advice to customers.","1. Real-time device data access (battery, updates, connectivity). 2. Integration with troubleshooting platform. 3. Fast updates on device status."
145,Customer Support and Agent Tools,Smart Home Expertise,"Agents should be trained to resolve issues regarding device firmware and software updates, including rolling back updates if needed.","I want agents to help with firmware/software updates and rolling back if necessary, so that customers' devices are always up to date and functioning correctly.",1. Firmware update troubleshooting process. 2. Rollback procedure for failed updates. 3. Compatibility checks for updates.
146,Customer Support and Agent Tools,Smart Home Expertise,Agents must be equipped with troubleshooting guides specific to new devices and technologies released for smart homes.,"I want agents to have specialized troubleshooting knowledge for new devices, so they can provide expert support immediately after product launches.",1. Guides specific to new device features. 2. Early access to new device release information. 3. Integration of new troubleshooting tools for the latest products.
147,Customer Support and Agent Tools,Smart Home Expertise,Agents should be able to guide customers through setting up and using advanced automation features in smart home systems.,"I want agents to help customers set up advanced automations, such as multi-trigger events and integration with third-party systems.",1. Step-by-step guides for setting up complex automation. 2. Troubleshooting for failed automation actions. 3. Recommendations for third-party integration with Google Smart Home.
148,Customer Support and Agent Tools,Smart Home Expertise,Agents should be able to recommend and guide customers through security best practices for their smart home devices.,"I want agents to help customers ensure their smart home systems are secure, including setting up password protection and enabling device-specific security features.",1. Security best practices guide for customers. 2. Knowledge of potential security vulnerabilities in smart home devices. 3. Steps for securing smart home networks and devices.
149,Customer Support and Agent Tools,Knowledge Management,Agents must have access to up-to-date training materials on new product features and updates.,"I want agents to be consistently trained on the latest product features, so they can provide the most current support to customers.",1. Continuous training on new product features. 2. Regular updates to training material. 3. Access to training on the latest Google Smart Home and IoT devices.
150,Customer Support and Agent Tools,Smart Home Expertise,Agents should be able to assist customers with setting up smart home ecosystems involving multiple brands or platforms.,I want agents to help customers set up and manage smart home ecosystems that include devices from different brands and platforms.,1. Knowledge of multi-platform integration. 2. Troubleshooting guides for cross-brand compatibility. 3. Recommendations for third-party smart home devices that work with Google Assistant.
151,Customer Support and Agent Tools,Knowledge Management,Agents should have easy access to a knowledge base of frequently asked questions (FAQs) and troubleshooting articles.,I want agents to quickly find solutions for common customer issues from an easily accessible knowledge base.,1. Access to a well-organized knowledge base. 2. Up-to-date FAQs and troubleshooting articles. 3. Search function to locate relevant articles.
152,Customer Support and Agent Tools,Technical Support Skills,Agents should be trained to escalate unresolved issues to more experienced or specialized teams when needed.,"I want agents to be able to escalate complex issues to experts, so that customers get the best possible support.",1. Escalation procedure for unresolved issues. 2. Identification of when to escalate to specialized teams. 3. Follow-up process to ensure resolution.
153,Customer Support and Agent Tools,Smart Home Expertise,"Agents should be able to provide customers with detailed, step-by-step instructions for configuring their smart home devices remotely.",I want agents to guide customers through remote device configuration to save time and provide an efficient experience.,1. Step-by-step remote configuration guides. 2. Support for configuring devices without in-person visits. 3. Troubleshooting support during the remote setup process.
154,Customer Support and Agent Tools,Smart Home Expertise,Agents must be able to guide customers in setting up voice commands and integrations with other smart home devices.,"I want agents to help customers with voice command configuration, so that they can control their smart home seamlessly.",1. Guides for setting up voice commands with devices. 2. Troubleshooting voice command failures. 3. Training on integrations with non-Google devices.
155,Customer Support and Agent Tools,Smart Home Expertise,Agents should be familiar with energy consumption and power management features within the smart home ecosystem.,I want agents to help customers optimize energy consumption by using available smart home power management features.,1. Knowledge of energy-saving devices and features. 2. Guidance on reducing energy usage. 3. Ability to explain how to monitor energy consumption within the smart home.
156,Customer Support and Agent Tools,Smart Home Expertise,Agents should be able to assist with adding and configuring additional smart devices to an existing home setup.,"I want agents to assist with the setup of new devices, ensuring they integrate seamlessly with the existing smart home system.",1. Step-by-step guides for adding new devices. 2. Troubleshooting during device integration. 3. Recommendations for devices that work well with existing setups.
157,Customer Support and Agent Tools,Knowledge Management,Agents should have access to a comprehensive troubleshooting library specific to Google Smart Home products.,I want agents to have a well-stocked library of troubleshooting resources specific to Google Smart Home devices.,1. Access to a specific troubleshooting library for Google Smart Home. 2. Regular updates to the library with new issues and solutions. 3. Easy-to-navigate format for quick access.
158,Customer Support and Agent Tools,Smart Home Expertise,Agents must be able to guide customers through troubleshooting steps when they experience issues with home automation.,"I want agents to help customers fix automation problems, so that their smart home systems work smoothly.",1. Troubleshooting guides for automation issues. 2. Knowledge of common causes of automation errors. 3. Support for adjusting automation settings to resolve problems.
159,Customer Support and Agent Tools,Smart Home Expertise,"Agents should have access to a tool that helps them track customer satisfaction after providing support, to ensure quality service.",I want agents to receive real-time feedback on their support to ensure continuous improvement in service quality.,1. Real-time customer satisfaction tracking. 2. Feedback mechanisms for continuous improvement. 3. Support performance metrics for tracking agent success.
160,Customer Support and Agent Tools,Technical Support Skills,Agents should be trained in advanced problem-solving techniques for customers with complex smart home issues.,"I want agents to have advanced problem-solving skills, so they can resolve complex technical issues efficiently.",1. Advanced troubleshooting techniques. 2. Continuous training on advanced problem-solving methods. 3. Ability to identify and solve multi-faceted problems.
161,Customer Support and Agent Tools,Chat and Communication Management,"I want agents to handle inbound chats effectively, so that they can assist customers who haven't been able to resolve their queries through self-care.","I want agents to handle inbound chats effectively, so that they can assist customers who haven't been able to resolve their queries through self-care.",Chat management tool for handling inbound queries. Ability to escalate unresolved issues to higher support levels. Integration with self-service options for seamless transition.
162,Customer Support and Agent Tools,Self-Service Support,"I want agents to guide customers towards self-service options, so that customers can resolve issues independently in the future.","I want agents to guide customers towards self-service options, so that customers can resolve issues independently in the future.",Clear guidelines for agents to redirect customers. Access to self-service options for customers. Training on how to educate customers about self-service.
163,Customer Support and Agent Tools,Complaint Management,"I want agents to capture and document complaints, so that we can address dissatisfaction and improve service.","I want agents to capture and document complaints, so that we can address dissatisfaction and improve service.",Complaint capture tool. Protocol for addressing customer and non-customer complaints. Integration with ticketing or escalation systems.
164,Customer Support and Agent Tools,Complaint Management and Regulation,"I want agents to be able to raise complaints according to telco regulations, so that we maintain legal compliance while handling issues.","I want agents to be able to raise complaints according to telco regulations, so that we maintain legal compliance while handling issues.",Compliance with telco complaint management regulations. Clear complaint escalation process. Documentation for audit trails.
165,Customer Support and Agent Tools,Proactive Engagement,"I want agents to engage proactively with customers about upcoming changes, so that customers are always informed and prepared.","I want agents to engage proactively with customers about upcoming changes, so that customers are always informed and prepared.",Automated notification system. Agent tools to manage proactive engagement. Customer satisfaction surveys post-engagement.
166,Customer Support and Agent Tools,Notification Management,"I want agents to notify customers of network-related issues, so that customers can understand service interruptions.","I want agents to notify customers of network-related issues, so that customers can understand service interruptions.",Real-time outage notification system. Communication templates for Wi-Fi outage notifications. Tracking system to monitor notifications sent.
167,Customer Support and Agent Tools,Real-Time Updates,"I want the system to provide real-time updates on service status, so that customers are always informed about their appointments or issues.","I want the system to provide real-time updates on service status, so that customers are always informed about their appointments or issues.",Real-time customer status tracking. Automated appointment reminders and notifications. Update logs for customer reference.
168,Customer Support and Agent Tools,Customer Data Management,"I want agents to have full access to customer profiles, so that they can provide personalized and effective support.","I want agents to have full access to customer profiles, so that they can provide personalized and effective support.","Customer profile access within the support system. Integration with all communication channels (e.g., phone, chat, email). Easy access to historical interactions and product holdings."
169,Customer Support and Agent Tools,Data Search and Management,"I want the system to quickly search and filter customer data, so that agents can locate relevant information quickly and effectively.","I want the system to quickly search and filter customer data, so that agents can locate relevant information quickly and effectively.","Efficient search and filter functionality in the system. Search parameters for various customer attributes (e.g., product, contact info). Speed optimization for large datasets."
170,Customer Support and Agent Tools,Knowledge Management,"I want agents to have access to a comprehensive knowledge base, so that they can provide accurate and quick solutions for IoT-related issues.","I want agents to have access to a comprehensive knowledge base, so that they can provide accurate and quick solutions for IoT-related issues.",Complete and updated knowledge base for IoT troubleshooting. Access to product specifications and FAQs. Knowledge base search functionality.
171,Customer Support and Agent Tools,Order Management,"I want agents to have access to customer order status, so that they can track and manage service or device orders effectively.","I want agents to have access to customer order status, so that they can track and manage service or device orders effectively.",Service transfer functionality.
172,Customer Support and Agent Tools,Pro-Install Qualification,"I want agents to know if customers qualify for professional installations, so that customers are informed about service availability and costs.","I want agents to know if customers qualify for professional installations, so that customers are informed about service availability and costs.",Pro-installation eligibility checks. Email history access within the agent system.
173,Customer Support and Agent Tools,Compliance and Quality Reporting,"I want managers to record interactions for compliance purposes, so that the company meets regulatory requirements and improves service quality.","I want managers to record interactions for compliance purposes, so that the company meets regulatory requirements and improves service quality.",Secure storage of recorded interactions. Queue management options to allocate resources.